{
  "src": [
    "soundlp.data-sprite.mp3"
  ],
  "sprite": {
    "cello1": [
      0,
      20930.22675736961,
      true
    ],
    "drum1": [
      22000,
      8275.873015873018,
      true
    ],
    "drum2": [
      32000,
      2136.9387755102025,
      true
    ],
    "flute1": [
      36000,
      26200.816326530614,
      true
    ],
    "guitar1": [
      64000,
      12074.376417233565,
      true
    ],
    "guitar2": [
      78000,
      8962.902494331061,
      true
    ],
    "guitar3": [
      88000,
      18187.709750566897,
      true
    ],
    "jazz1": [
      108000,
      91480.8163265306,
      true
    ],
    "nature1": [
      201000,
      25663.650793650788,
      true
    ],
    "nature2": [
      228000,
      34209.569160997715,
      true
    ],
    "nature3": [
      264000,
      20000,
      true
    ],
    "nature4": [
      285000,
      107933.33333333334,
      true
    ],
    "nature5": [
      394000,
      47156.598639455755,
      true
    ],
    "nature6": [
      443000,
      292661.7233560091,
      true
    ],
    "orchester1": [
      737000,
      11294.149659863933,
      true
    ],
    "piano1": [
      750000,
      32000,
      true
    ],
    "piano2": [
      783000,
      16000,
      true
    ],
    "piano3": [
      800000,
      110785.30612244901,
      true
    ],
    "piano4": [
      912000,
      80191.76870748299,
      true
    ],
    "piano5": [
      994000,
      42710.20408163258,
      true
    ],
    "piano6": [
      1038000,
      7035.646258503448,
      true
    ],
    "piano7": [
      1047000,
      11162.78911564632,
      true
    ],
    "piano8": [
      1060000,
      15018.68480725625,
      true
    ],
    "synth1": [
      1077000,
      93525.96371882077,
      true
    ],
    "synth2": [
      1172000,
      113536.30385487531,
      true
    ],
    "synth3": [
      1287000,
      13714.28571428578,
      true
    ],
    "violin1": [
      1302000,
      16015.600907029466,
      true
    ]
  }
}