{
  "src": [
    "soundlp.data-sprite.mp3"
  ],
  "sprite": {
    "cello1": [
      0,
      20930.22675736961,
      true
    ],
    "drum1": [
      22000,
      8275.873015873018,
      true
    ],
    "drum2": [
      32000,
      2136.9387755102025,
      true
    ],
    "flute1": [
      36000,
      26200.816326530614,
      true
    ],
    "guitar1": [
      64000,
      12074.376417233565,
      true
    ],
    "guitar2": [
      78000,
      8962.902494331061,
      true
    ],
    "guitar3": [
      88000,
      18187.709750566897,
      true
    ],
    "nature1": [
      108000,
      25663.650793650788,
      true
    ],
    "nature2": [
      135000,
      34209.569160997715,
      true
    ],
    "nature3": [
      171000,
      20000,
      true
    ],
    "nature4": [
      192000,
      107933.33333333334,
      true
    ],
    "nature5": [
      301000,
      47156.598639455755,
      true
    ],
    "nature6": [
      350000,
      292661.7233560091,
      true
    ],
    "orchester1": [
      644000,
      11294.149659863933,
      true
    ],
    "piano1": [
      657000,
      32000,
      true
    ],
    "piano2": [
      690000,
      16000,
      true
    ],
    "piano3": [
      707000,
      110785.30612244901,
      true
    ],
    "piano4": [
      819000,
      80191.76870748299,
      true
    ],
    "piano5": [
      901000,
      42710.2040816327,
      true
    ],
    "piano6": [
      945000,
      7035.646258503448,
      true
    ],
    "piano7": [
      954000,
      11162.789115646206,
      true
    ],
    "synth1": [
      967000,
      93525.96371882077,
      true
    ],
    "synth2": [
      1062000,
      113536.30385487531,
      true
    ],
    "synth3": [
      1177000,
      13714.28571428578,
      true
    ],
    "violin1": [
      1192000,
      16015.600907029466,
      true
    ]
  }
}