{
  "src": [
    "soundlp.data-sprite.mp3"
  ],
  "sprite": {
    "cello1": [
      0,
      20930.22675736961
    ],
    "drum1": [
      22000,
      8275.873015873018
    ],
    "drum2": [
      32000,
      2136.9387755102025
    ],
    "flute1": [
      36000,
      26200.816326530614
    ],
    "guitar1": [
      64000,
      12074.376417233565
    ],
    "guitar2": [
      78000,
      8962.902494331061
    ],
    "guitar3": [
      88000,
      18187.709750566897
    ],
    "nature1": [
      108000,
      25663.650793650788
    ],
    "nature2": [
      135000,
      34209.569160997715
    ],
    "nature3": [
      171000,
      20000
    ],
    "nature4": [
      192000,
      107933.33333333334
    ],
    "nature5": [
      301000,
      47156.598639455755
    ],
    "nature6": [
      350000,
      292661.7233560091
    ],
    "orchester1": [
      644000,
      11294.149659863933
    ],
    "piano1": [
      657000,
      32000
    ],
    "piano2": [
      690000,
      16000
    ],
    "piano3": [
      707000,
      110785.30612244901
    ],
    "piano4": [
      819000,
      80191.76870748299
    ],
    "piano5": [
      901000,
      42710.2040816327
    ],
    "piano6": [
      945000,
      7035.646258503448
    ],
    "piano7": [
      954000,
      11162.789115646206
    ],
    "synth1": [
      967000,
      93525.96371882077
    ],
    "synth2": [
      1062000,
      113536.30385487531
    ],
    "synth3": [
      1177000,
      13714.28571428578
    ],
    "violin1": [
      1192000,
      16015.600907029466
    ]
  }
}